source_id,institution_or_ecosystem,source_name,source_url,source_type,official_or_secondary,fields_observed,time_coverage,access_method,legal_ethics_restrictions,phase_1_use,limitations,priority
S001,UK Biobank,Access to UK Biobank data,https://www.ukbiobank.ac.uk/about-us/how-we-work/access-to-uk-biobank-data/,policy page,official,"access controls; insurance-company policy; MTA obligations; RAP by default; annual reports; publication reporting; project discontinuation notes","current page; notes Jan 2025 insurance policy and 2024 RAP default",public web,"approved researchers only; legal agreements; no re-identification; no unauthorized sharing",primary candidate for monitoring/granularity policy event,"project list may lag current status; no incident microdata",high
S002,UK Biobank,Apply for access and application requirements,https://www.ukbiobank.ac.uk/use-our-data/apply-for-access/,application guidance,official,"application summary; public-interest requirement; requested data tier; derived variables; applications paused; researcher and publication counts","page last updated 2026-07-01",public web,"eligible researchers; applications paused while RAP changes are made",risk-feature and denominator source,"application text and decisions not publicly downloadable in full",high
S003,UK Biobank,Existing projects register,https://www.ukbiobank.ac.uk/projects/,project register,official,"project title; institution; date; lay summary; publication links when available","active historical list; update note 2026-04-23 says list not fully current",public web,"only approved projects shown; participant confidentiality constraints",project-level public denominator and research-output link,"current project status incomplete; no approvals/rejections",high
S004,UK Biobank,UK Biobank Showcase application schema 27,https://biobank.ndph.ox.ac.uk/ukb/schema.cgi?id=27,downloadable schema,official,"app_id; title; principal investigator; institution; notes",approved applications; current schema,public download,"approved projects only",structured project catalogue probe,"does not include access tier or enforcement outcomes",medium
S005,UK Biobank,Returned data instructions,https://biobank.ndph.ox.ac.uk/ukb/ukb/docs/ukblink_instruct.html,technical guidance,official,"returned datasets; project completion; bridging; approved baskets; validated researcher requirements",current documentation,public web but access requires approval,"validated researchers; approved applications; credentials",research-value outcome and data-feedback mechanism,"returned-data metadata may not be publicly complete",medium
S006,UK Biobank,Find a Tender RAP extension notice,https://www.find-tender.service.gov.uk/Notice/006837-2026,procurement notice,official,"RAP procured in 2020; RAP by default at end of Q2 2024; limited exemptions; platform value",published 2026,public web,procurement disclosure,precise policy-timing source for RAP default,"procurement language not project-level outcomes",high
S007,UK Biobank,Find a Tender output checking / RAP 2.0 notice,https://www.find-tender.service.gov.uk/Notice/081712-2025,procurement notice,official,"airlock/output checking procurement; RAP 2.0; secure data environment strategy",published 2025; edited 2025-12-10,public web,procurement disclosure,candidate future treatment event for output controls,"market engagement not implemented policy by itself",medium
S008,NIH dbGaP/CADR,NIH requirements for controlled-access data repositories and users,https://grants.nih.gov/policy-and-compliance/policy-topics/sharing-policies/accessing-data/requirements,policy page,official,"security best practices; Jan 25 2025 user standards; Feb 25 2026 repository/user standards; CADR list and guidebook",updated 2026-07-17,public web,"NIH controlled-access data terms; security standards",candidate policy event and cross-repository governance source,"public page is policy level; access decisions may be distributed",high
S009,NIH dbGaP,How to request and access datasets from dbGaP,https://www.grants.nih.gov/policy-and-compliance/policy-topics/sharing-policies/accessing-data/dbgap,access guidance,official,"SO review; DAC review; approval statuses; approval expiration; revisions requested",updated 2026,public web; controlled access via dbGaP,"DAC approval; GDS policy; data use certification",stage-gate status taxonomy and potential continuation statuses,"project-level request data not public",high
S010,NIH Genomic Data Sharing,Genomic Data User Code of Conduct,https://grants.nih.gov/policy-and-compliance/policy-topics/sharing-policies/accessing-data/user-code-of-conduct,policy page,official,"use limitations; no re-identification; no redistribution; breach reporting; revocation of approved access",updated 2025-08-05,public web,"controlled-access genomic data terms",sanction and incident taxonomy input,"enforcement events not listed",medium
S011,All of Us,Research Projects Directory,https://www.researchallofus.org/research-project-directory/,project directory,official,"active projects; researcher; institution; project purpose; project focus; dataset used; Registered versus Controlled Tier",current public directory; search result noted 18842 active projects as of 2025-06-22,public web,"project descriptions supplied by researchers; review requests possible",excellent project-level denominator and risk-tier source,"no rejected applications; project text may be strategic",high
S012,All of Us,Data Access Tiers and Data Access Framework,https://www.researchallofus.org/data-tools/data-access/,policy page,official,"Public/Registered/Controlled tiers; genomic data; dates; demographic specificity; data passport; public project descriptions",current public documentation,public web; Workbench controlled access,"identity verification; DURA; user-based data passport; DUCC",granularity and transparency taxonomy source,"tier assignment may be user-based not project-based",high
S013,All of Us,Data User Code of Conduct,https://support.researchallofus.org/hc/en-us/articles/22346176432532-Data-User-Code-of-Conduct,policy page,official,"workspace audits; Resource Access Board; revocation; sanctions; public violator list option; NIH notification",updated 2026,public web,"authorized data users only; DUCC sanctions",post-access review and sanction source,"actual violation list not obviously populated",medium
S014,NHS England SDE,Secure Data Environment service,https://digital.nhs.uk/services/secure-data-environment-service,service page,official,"approved researchers and projects; de-identified/minimized data; Five Safes; Safe Output Service; data release register; charges",last edited 2026-07-07,public web; access through DARS,"DARS approvals; SDE guidelines; patient confidentiality",institutional SDE policy and denominator candidate,"public project-level SDE data may be fragmented",high
S015,NHS England SDE,Output your results from SDE,https://digital.nhs.uk/services/secure-data-environment-service/output-your-results-from-the-sde,service guidance,official,"output request workflow; approval/rejection; target three working days; disclosure control",last edited 2026-07-15,public web; users access in VDI,"outputs checked before download or sharing",Stage 2 output-airlock outcome source,"aggregate rejection rates not public",high
S016,NHS Research SDE Network,Registration Service,https://digital.nhs.uk/data-and-information/research-powered-by-data/registration-service,registration policy,official,"from Apr 1 2026 registration; organization and individual checks; organization register promised; not project validity",published 2026,public web,"registration distinct from data access request",candidate policy event and denominator source,"organization registration is not project approval",medium
S017,OpenSAFELY,OpenSAFELY research page,https://www.opensafely.org/research/,project/output catalogue,official,"completed papers; links to published research; source code; outputs; >95 completed papers",current public web,public web; platform access requires approval,"NHS England approvals; COVID and pilot directions",research-value outcome source with code transparency,"platform access closed/intermittent for submissions; not all usage data public",high
S018,OpenSAFELY,OpenSAFELY data access policy,https://docs.opensafely.org/data-access-policy/,policy documentation,official,"approved projects; code in GitHub; logging; manual output checking; access revoked when project finishes",current public docs,public web,"approved users; project-specific purposes; opt-outs handled",strong mapping to monitoring/logging/adaptive output release,"raw patient data never visible; project applications not fully public",high
S019,OpenSAFELY,Permitted outputs policy,https://www.opensafely.org/policies-for-researchers/permitted-outputs-policy/,policy documentation,official,"aggregated data only; small-number suppression; two trained output checkers; rejection and modification guidance",last updated 2025-10-17,public web,"NHS England output policy",manual output checking source,"output-check decisions may be in GitHub issues but require careful interpretation",high
S020,ONS SRS,About the Secure Research Service,https://www.ons.gov.uk/aboutus/whatwedo/statistics/requestingstatistics/secureresearchservice/aboutthesecureresearchservice,service page,official,"current projects; projects started last 12 months; Five Safes; approved settings; output checking",figures last updated July 2026,public web; accredited researcher access,"DEA/SRSA accreditation; approved safe setting",denominator and secure-enclave source,"project-level continuation/revocation data limited",high
S021,UK Statistics Authority,Public registers of accredited researchers and projects,https://uksa.statisticsauthority.gov.uk/digitaleconomyact-research-statistics/better-useofdata-for-research-information-for-researchers/list-of-accredited-researchers-and-research-projects-under-the-research-strand-of-the-digital-economy-act/,register,official,"project number/name; accredited researchers; legal gateway; protected data; processing environment; accreditation dates",projects correct as of 2026-06-01; researchers as of 2026-07-07,public xlsx/csv,"DEA/SRSA legal gateways; accredited processing environments",structured project and denominator source,"does not include output-check failures or rejected applications",high
S022,UK Statistics Authority,Research Accreditation Panel,https://uksa.statisticsauthority.gov.uk/digitaleconomyact-research-statistics/research-accreditation-panel/,governance page,official,"project criteria; public benefit; merit; feasibility; privacy mitigation; ethics; meeting dates; accredited processors",2026 meeting dates listed,public web,"Research Code of Practice; accreditation",project approval criteria and event timing,"panel decisions not always project-level public",medium
S023,CMS/ResDAC,Data available to researchers,https://www.cms.gov/data-research/cms-data/data-available-researchers,service page,official,"LDS/RIF distinction; DUA; fees; RIF processing 3-5 months; VRDC access",page modified 2026-03-18,public web; controlled access by DUA/VRDC,"HIPAA; CMS policy; DUA; fees",data-access pathway and granularity source,"project register not public",high
S024,CMS/ResDAC,CCW VRDC FAQs,https://resdac.org/virtual-research-data-center-vrdc-faqs,FAQ,official contractor,"output review; aggregate-only downloads; cell suppression; three output reviews/week; two business days estimate",current public web,public web; VRDC users only,"CMS cell suppression; PII/PHI restrictions",output-review and continuation friction source,"actual output-request outcomes not public",high
S025,CMS/ResDAC,Research Data Request and Access Policy Changes Update,https://resdac.umn.edu/cms-news/research-data-request-access-policy-changes-update,policy update,official contractor,"VRDC transition delayed indefinitely; updated DMP SAQ; extension form on disseminated findings; media disposition; Aug 11 2026 effective date",published 2026-02-11; effective 2026-08-11,public web,"CMS security requirements; DUA renewal",candidate treatment event and research-value reporting requirement,"future event as of 2026-07-28; implementation not observed yet",high
S026,Statistics Canada,RDC access process and guidelines,https://www.statcan.gc.ca/en/microdata/data-centres/access,application guidance,official,"project origin; peer review; co-investigators; security clearance; deemed employee; agreement; final product",modified 2026-06-15,public web; approved secure access,"Statistics Act; Oath of Office and Secrecy; security clearance",secure-lab access and final-product outcome source,"project list not centralized on this page",medium
S027,Statistics Canada,Access to microdata,https://www.statcan.gc.ca/en/microdata,service overview,official,"RDC; vRDC; secure environment; deemed employee; output vetting",modified 2026,public web; access requires approval,"confidentiality vetting; secure environments",granularity and output-control taxonomy,"limited public incident data",medium
S028,Statistics Canada,Virtual Data Lab evaluation,https://www.statcan.gc.ca/en/about/er/vdlp,evaluation report,official,"remote access pilot; monitoring controls; vetting procedures; KPIs; user counts baseline; modernization risks",December 2020 report,public web,"internal performance/evaluation constraints",policy-change and implementation-friction source,"older pilot; not necessarily current vRDC state",medium
S029,CASD,CASD home page,https://www.casd.eu/en/,institutional page,official,"580 data sources; 2075 hosted projects; 8295 users; certifications; 400+ publications; secure data users",current public web with 2026 news,public web; secure access via CASD,"GDPR; ISO 27001/27701; HDS; CNIL; secure access",rich denominator and institution comparison source,"project metadata may require portal navigation; incident outcomes sparse",high
S030,CASD,Infrastructure,https://www.casd.eu/en/technologie/infrastructure/,technical page,official,"central infrastructure; project servers; SD-Box; secure link; confined data environment",current public web,public web; SD-Box access,"secure remote access; confidentiality/integrity",control taxonomy source,"no direct project outcomes",medium
S031,CASD,Confidential Data Access Portal documentation,https://cdap.casd.eu/documentation,access documentation,official,"new project requests; complementary requests; add sources; add researchers; prolongation; producer approvals",current public web,public portal,"statistical secrecy committee; producer agreement",continuation/amendment workflow source,"mostly procedural; detailed decisions not directly downloadable",medium
S032,EGA,About EGA,https://ega-archive.org/about/ega/,repository overview,official,"DAC-controlled access; DAA; public metadata; controlled files; request process",current public web,public metadata; controlled download after DAC approval,"GDPR; DAC approval; DAA",controlled-access genomic comparator,"DACs distributed; enforcement outside EGA partly",medium
S033,EGA,DAC Portal documentation,https://www.ega-archive.org/access/data-access-committee/dac-portal/,access-management docs,official,"pending requests; grant/deny; active permissions; revocation; history page; DAC API",current public web,DAC portal for members,"DAC governance; DAA terms",excellent conceptual match for continuation/revocation,"request history not public",medium
S034,EGA,Security overview,https://ega-archive.org/about/security/,security documentation,official,"identity assurance; MFA for DACs; access-right changes; data access requests; resource-usage logs; encryption",current public web,public web,"GA4GH; controlled access; encryption",monitoring/logging taxonomy source,"logs are not public",medium
S035,AWS Clean Rooms,AWS Clean Rooms best practices,https://docs.aws.amazon.com/clean-rooms/latest/userguide/best-practices.html,platform docs,official,"analysis rules; query controls; output controls; query logs; collaborator review",current docs,public web; platform account required,"shared responsibility; privacy requirements configured by data owners",commercial data clean room comparator,"no public project register or leakage outcomes",low
S036,Snowflake Data Clean Rooms,Snowflake clean rooms and differential privacy docs,https://docs.snowflake.com/en/user-guide/cleanrooms/about,platform docs,official,"template approval; data-source approval/rejection; differential privacy; privacy budget; migration dates",current docs; legacy migration 2026-10-01 to 2027-06-01,public web; platform account required,"contractual platform terms; privacy policies",commercial platform controls and policy-event comparator,"limited empirical outcomes; customer usage private",low
S037,Google Ads Data Hub,Privacy checks,https://developers.google.com/ads-data-hub/guides/privacy-checks,platform docs,official,"aggregation thresholds; noise injection; difference checks; query privacy modes",current docs,public web; platform account required,"Ads Data Hub policies",output-control comparator,"advertising use case far from research continuation",low
S038,GitHub DMCA notices ecosystem,DMCA notices repository,https://github.com/github/dmca,public transparency archive,official,"year/month notice files; takedown notices; counter-notices; reported URLs; repository references; fork network notes; GitHub processing annotations",ongoing repository with year folders from 2011 through 2026 as observed on 2026-07-30,public GitHub,"copyright allegations; redactions; GitHub states notices are informational and do not imply wrongdoing",incident archive for public repository exposure and takedown-process analogies,"DMCA is not privacy leakage; notices are not adjudicated facts; no clean project/user denominator; takedowns may reflect rights-holder detection effort",medium
S039,GitHub,Secret scanning detection scope,https://docs.github.com/en/code-security/reference/secret-security/secret-scanning-scope,platform docs,official,"public monitoring; pattern matching; validity checks; push protection limitations; alert scope",current docs,public web,"GitHub security product terms",detection-intensity example and public exposure taxonomy,"alerts are private to owners; not a dataset for research without partner access",medium
S040,HHS OCR,HIPAA Breach Portal,https://ocrportal.hhs.gov/ocr/breach/breach_report_hip.jsf,breach register,official,"entity; state; entity type; individuals affected; submission date; breach type; location; business associate",last 24 months under investigation,public web,"HIPAA breach notification; 500+ individuals",health-data incident comparator and severity source,"not data-sharing-project-specific; reporting threshold and detection bias",medium
S041,NCI CDAS,Cancer Data Access System,https://cdas.cancer.gov/,data access system,official,"available studies; approved projects; project summaries; collaborators; publications",current public web,public project/publication browse; data request controlled,"NCI study access rules; biospecimen/data approvals",promising health project-output source,"scope limited to specific cancer studies; governance variation unclear",medium
